<?xml version="1.0" encoding="UTF-8"?>
<jcr:root xmlns:oak="http://jackrabbit.apache.org/oak/ns/1.0" xmlns:sling="http://sling.apache.org/jcr/sling/1.0" xmlns:jcr="http://www.jcp.org/jcr/1.0" xmlns:rep="internal"
    jcr:mixinTypes="[rep:AccessControllable]"
    jcr:primaryType="sling:OrderedFolder">
    <rep:policy/>
    <dam/>
    <usergenerated/>
    <projects/>
    <campaigns/>
    <phonegap/>
    <mobileapps/>
    <launches/>
    <publications/>
    <entities/>
    <forms/>
    <screens/>
    <communities/>
    <sites/>
    <community-components/>
    <catalogs/>
    <experience-fragments/>
    <we-retail/>
    <oak:index/>
    <fd/>
    <xfaforms/>
    <dermis/>
    <apps/>
    <aig-apac/>
    <microsite_brand/>
    <tg-microsite/>
    <microsite/>
    <tg_partner/>
    <tg_partner-offers-healthcheck/>
    <dmt/>
    <tg_partner-offers/>
    <travelguard/>
    <tgpi-microsites/>
    <tgpi-microsite/>
    <brand/>
    <home-page/>
    <dynamic/>
    <test-form/>
    <aig/>
</jcr:root>
